Name,MAE,MRAE(%),StdAE,MSE,$R^2$
Neural Regressor,0.654671913678045,3.4184660645529554,1.3803812774223099,2.3340477856169217,0.9962548391043932
Random Forest Regressor,4.580929358580491,44.56702853926497,3.941067736305556,36.516928690453256,0.9414057526148712
TPOT Regressor,1.1333469877200448,11.35402683822771,1.060640778561902,2.4094342557224966,0.9961338756598411
Support Vector Regressor,15.60747757571082,130.43583246921025,11.108530209424936,366.9927996900226,0.4111315583005217
Kernel Ridge Regressor,6.448531957059416,53.828555247977015,4.883943525964006,65.43646876602226,0.8950021051499891
K-NN Regressor,10.869983916322552,107.54324199712622,10.264333682033572,223.5130962772398,0.6413558826893191
Gaussian Process Regressor,0.25540581211242624,1.5976956054642146,0.301764817545343,0.15629413396898215,0.9997492139268268
Gradient Boosting Regressor,1.4698897039093946,12.762425089370932,1.3021543926940407,3.856181804071234,0.9938124568880062
Ensemble Model,1.2906749895890521,11.781536720637686,1.138180886063368,2.961297658150693,0.995248367982052
